Bathing Water,Lat,Long,Water Company ,Classification
Ainsdale,53.6079274110244,-3.06398779831433,United Utilities Water Limited,Good
Allonby,54.7680362472678,-3.43462529244341,United Utilities Water Limited,Good
Allonby South,54.7439601786834,-3.45645360335536,United Utilities Water Limited,#N/A
Amble Links,55.3256518430612,-1.55240065878181,Northumbrian Water Limited,Excellent
Anderby,53.2597742443608,0.325519540952037,Anglian Water Services Limited,Excellent
Anstey's Cove (Torquay),50.4718461526252,-3.50108973053771,South West Water Limited,Excellent
Babbacombe,50.4790773297118,-3.50940906870732,South West Water Limited,Excellent
Bamburgh Castle,55.6109624803421,-1.70790347736216,Northumbrian Water Limited,Excellent
Bantham,50.2789762008753,-3.87879994454741,South West Water Limited,Excellent
Beachlands Central,50.7835933373875,-0.989275631087487,Southern Water Services Limited,Excellent
Beachlands West,50.7836072294375,-1.00133285633792,Southern Water Services Limited,Excellent
Beacon Cove,50.4574885725162,-3.52351410410433,South West Water Limited,Excellent
Beadnell,55.5487603048552,-1.63228751096927,Northumbrian Water Limited,Excellent
Beer,50.6965510583491,-3.08988755469152,South West Water Limited,Excellent
Bembridge,50.686221830107,-1.0696931248814,Southern Water Services Limited,Excellent
Berrow North of Unity Farm,51.2817458565281,-3.01775519293808,Wessex Water Services Limited,Good
Bexhill,50.8365338778057,0.470332162386613,Southern Water Services Limited,Sufficient
Bigbury-on-Sea North,50.2831786856372,-3.89693283004622,South West Water Limited,Excellent
Bigbury-on-Sea South,50.2816804127364,-3.89504849620995,South West Water Limited,Excellent
Birling Gap,50.7425953434466,0.200669020232404,Southern Water Services Limited,Excellent
Bispham,53.8489001908846,-3.05489054230437,United Utilities Water Limited,Excellent
Blackpool Central,53.8026522997753,-3.05621915051379,United Utilities Water Limited,Good
Blackpool North,53.8161226569306,-3.05658832625312,United Utilities Water Limited,Sufficient
Blackpool Sands,50.3194415592079,-3.60970013678095,South West Water Limited,Excellent
Blackpool South,53.7906362899484,-3.05910494392652,United Utilities Water Limited,Good
Blue Anchor West,51.1824184866261,-3.40119891207819,Wessex Water Services Limited,Sufficient
Blyth South Beach,55.1088743553324,-1.49682827055485,Northumbrian Water Limited,Excellent
Bognor Regis (Aldwick),50.7792561643122,-0.691360026250996,Southern Water Services Limited,Good
Bognor Regis East,50.7823624879439,-0.669428029479676,Southern Water Services Limited,Excellent
Booby's Bay,50.5390451927447,-5.02581546494883,South West Water Limited,Excellent
"Botany Bay, Broadstairs",51.3894456556124,1.43525760038043,Southern Water Services Limited,Excellent
Bournemouth Alum Chine,50.7111345968441,-1.89542148993552,Wessex Water Services Limited,Excellent
Bournemouth Boscombe Pier,50.7194675079049,-1.84403880813019,Wessex Water Services Limited,Excellent
Bournemouth Durley Chine,50.713070870982,-1.88876030554671,Wessex Water Services Limited,Excellent
Bournemouth Fisherman`s Walk,50.7207230391476,-1.81687860164398,Wessex Water Services Limited,Excellent
Bournemouth Hengistbury West,50.7168473725383,-1.77109905009598,Wessex Water Services Limited,Excellent
Bournemouth Manor Steps,50.7202604581267,-1.83228184965642,Wessex Water Services Limited,Excellent
Bournemouth Pier,50.7154859312908,-1.87587923561023,Wessex Water Services Limited,Excellent
Bournemouth Southbourne,50.7189902745556,-1.79172760753161,Wessex Water Services Limited,Excellent
Bovisand,50.3355467312948,-4.11950426310401,South West Water Limited,Excellent
Bowleaze Cove,50.6362068663061,-2.42225020608286,Wessex Water Services Limited,Good
Bracklesham Bay,50.7610131736483,-0.860567028233181,Southern Water Services Limited,Excellent
Breakwater Beach (Shoalstone),50.4000863050536,-3.50450585727642,South West Water Limited,Excellent
Brean,51.3212379812709,-3.0116549233975,Wessex Water Services Limited,Good
Bridlington North Beach,54.0867564390065,-0.182691651026087,Yorkshire Water Services Limited,Good
Bridlington South Beach,54.0772086100535,-0.1987449454745,Yorkshire Water Services Limited,Sufficient
Brightlingsea,51.8057114363672,1.01049496166788,Anglian Water Services Limited,Excellent
Brighton Central,50.8202727622679,-0.145883429349536,Southern Water Services Limited,Excellent
Brighton Kemptown,50.8159631965402,-0.122161894870468,Southern Water Services Limited,Excellent
Broadsands,50.4060232848898,-3.5543427608734,South West Water Limited,Excellent
"Broadstairs, Stone Bay",51.3654395136107,1.44528543183743,Southern Water Services Limited,Excellent
"Broadstairs, Viking Bay",51.3577366427204,1.44293976929626,Southern Water Services Limited,Sufficient
Budleigh Salterton,50.6293413385572,-3.31824703910801,South West Water Limited,Excellent
Burnham Jetty North,51.2357,-2.9994,Wessex Water Services Limited,#N/A
Caister Point,52.6462329700534,1.73740119135091,Anglian Water Services Limited,Excellent
Calshot,50.8093235327237,-1.31816830680352,Southern Water Services Limited,Excellent
Camber,50.9332136638357,0.796331258712508,Southern Water Services Limited,Good
Carbis Bay,50.1987589771395,-5.46493862733191,South West Water Limited,Excellent
Cawsand,50.3308770287535,-4.20135718723489,South West Water Limited,Excellent
Cayton Bay,54.2447830381406,-0.362946553116245,Yorkshire Water Services Limited,Excellent
Challaborough,50.2876660183821,-3.8975324484694,South West Water Limited,Excellent
Chapel Porth,50.3004,-5.2348,South West Water Limited,Excellent
Chapel St Leonards,53.2236446994753,0.339965691745724,Anglian Water Services Limited,Excellent
Charlestown,50.3312049763154,-4.75530986762393,South West Water Limited,Excellent
Charmouth West,50.733560013125,-2.90456429590428,Wessex Water Services Limited,Excellent
Christchurch Avon Beach,50.7292678056844,-1.73366211711726,Wessex Water Services Limited,Excellent
Christchurch Bay,50.7343360966257,-1.66271235419981,Southern Water Services Limited,Excellent
Christchurch Friar`s Cliff,50.7320637415209,-1.72940964797903,Wessex Water Services Limited,Excellent
Christchurch Highcliffe Castle,50.7356521656545,-1.71445336233307,Wessex Water Services Limited,Excellent
Christchurch Mudeford Sandbank East,50.7192510207495,-1.7421472862786,Wessex Water Services Limited,Excellent
Church Cove,50.0385857260958,-5.26788220436883,South West Water Limited,Excellent
Church Ope Cove,50.5379917922919,-2.42808894091769,Wessex Water Services Limited,Excellent
Clacton,51.7930992766385,1.17127582820326,Anglian Water Services Limited,Excellent
Clacton (Groyne 41),51.785,1.1535,Anglian Water Services Limited,#N/A
Clacton Beach Martello Tower,51.7799970257233,1.14005075867046,Anglian Water Services Limited,Good
Cleethorpes,53.5568266201182,-0.022225056616119,Anglian Water Services Limited,Good
Clevedon Beach,51.44224,-2.86146,Wessex Water Services Limited,Good
Cleveleys,53.8813176293953,-3.04810034853083,United Utilities Water Limited,Good
Colwell Bay,50.6894777728459,-1.5384702684968,Southern Water Services Limited,Excellent
Colwick Country Park (West Lake),52.9451435484652,-1.09815737913614,Severn Trent Water Limited,Excellent
Combe Martin,51.2073242902331,-4.03817464897342,South West Water Limited,Sufficient
"Combesgate Beach, Woolacombe",51.1782564135866,-4.21244811030368,South West Water Limited,Excellent
Compton Bay,50.6560855499202,-1.46831923617904,Southern Water Services Limited,Excellent
Constantine Bay,50.533251504212,-5.02266055940275,South West Water Limited,Excellent
Cotswold Country Park and Beach,51.6609853223097,-1.96093036014707,Thames Water Utilities Limited,Excellent
Coverack,50.024381672247,-5.09711731719632,South West Water Limited,Excellent
Cowes,50.7678515410396,-1.30938364395512,Southern Water Services Limited,Excellent
Crackington Haven,50.7419364618183,-4.633780918544,South West Water Limited,Excellent
Crantock,50.4068339291915,-5.11918706120216,South West Water Limited,Good
Crimdon,54.728078401518,-1.24873218512617,Northumbrian Water Limited,Good
Crinnis Beach,50.3361204799296,-4.73381042662777,South West Water Limited,Excellent
Cromer,52.9325124160505,1.30216261138879,Anglian Water Services Limited,Excellent
Crooklets,50.835814903174,-4.55398560359646,South West Water Limited,Excellent
Croyde Bay,51.1315339064881,-4.2385145390611,South West Water Limited,Good
"Danes Dyke, Flamborough",54.1040387873291,-0.141861015595605,Yorkshire Water Services Limited,Excellent
Dartmouth Castle and Sugary Cove,50.3420804667083,-3.56549282824257,South West Water Limited,Excellent
Dawlish Coryton Cove,50.5748417973404,-3.46854598688217,South West Water Limited,Excellent
Dawlish Town,50.5808755605953,-3.46368056448373,South West Water Limited,Good
Dawlish Warren,50.5996735928448,-3.43893853887074,South West Water Limited,Excellent
Daymer Bay,50.5613477998629,-4.92645433304806,South West Water Limited,Excellent
Deal Castle,51.2248658248295,1.40488530923027,Southern Water Services Limited,Good
Dovercourt,51.9287145174992,1.27365363707728,Anglian Water Services Limited,Excellent
Downderry,50.3610043414486,-4.37077575632986,South West Water Limited,Excellent
Druridge Bay North,55.2911145717199,-1.56853575551603,Northumbrian Water Limited,Excellent
Druridge Bay South,55.2402551088777,-1.54392384292723,Northumbrian Water Limited,Excellent
Dunster Beach,51.1922412977689,-3.42687262380409,Wessex Water Services Limited,Sufficient
Duporth,50.3274519056748,-4.7618374566786,South West Water Limited,Excellent
Durdle Door East,50.6220094769958,-2.27415859053492,Wessex Water Services Limited,Excellent
Durdle Door West,50.6219484895418,-2.27712684482216,Wessex Water Services Limited,Excellent
Dymchurch,51.0246230758988,0.996565672336776,Southern Water Services Limited,Good
East Cowes,50.76477,-1.28329,Southern Water Services Limited,#N/A
East Looe,50.3525841676456,-4.45147295019057,South West Water Limited,Good
East Runton,52.9370619292274,1.27595332448127,Anglian Water Services Limited,Excellent
Eastbourne,50.7609618329818,0.287079793834733,Southern Water Services Limited,Good
Eastney,50.7846394489991,-1.04514441363308,Southern Water Services Limited,Excellent
Eastoke,50.7806135959537,-0.967353980067141,Southern Water Services Limited,Excellent
Exmouth,50.6110998013266,-3.4016913116056,South West Water Limited,Excellent
Eypemouth,50.7161089362555,-2.78488967571793,Wessex Water Services Limited,Excellent
Felixstowe North,51.9603405905382,1.35498582937495,Anglian Water Services Limited,Excellent
Felixstowe South,51.9543304067933,1.34146436108153,Anglian Water Services Limited,Excellent
Felpham,50.7863058760123,-0.652576069939417,Southern Water Services Limited,Good
Filey,54.2082372558266,-0.284226456988846,Yorkshire Water Services Limited,Good
Fistral North,50.4177321832166,-5.09850302983969,South West Water Limited,Excellent
Fistral South,50.4141638052486,-5.10149764441901,South West Water Limited,Excellent
Flamborough South Landing,54.1042408129957,-0.118418582181931,Yorkshire Water Services Limited,Excellent
Fleetwood,53.9265908501585,-3.0199946507103,United Utilities Water Limited,Good
Folkestone,51.0819704735095,1.19127116521233,Southern Water Services Limited,Excellent
Formby,53.5482180476627,-3.10625887520372,United Utilities Water Limited,Excellent
Fraisthorpe,54.048555376331,-0.214023770608408,Yorkshire Water Services Limited,Good
Frensham Great Pond,51.1573227078271,-0.791833579836205,Thames Water Utilities Limited,Excellent
Frinton,51.8277889573572,1.24830941766983,Anglian Water Services Limited,Good
Godrevy Towans,50.2327443602709,-5.39202170810627,South West Water Limited,Excellent
Goodrington,50.4235551500871,-3.55949213612794,South West Water Limited,Good
Gorleston Beach,52.5697918425,1.73347417364,Anglian Water Services Limited,Excellent
Gorran Haven Little Perhaver,50.240842939759,-4.78754286817743,South West Water Limited,Good
Great Western,50.415976061967,-5.07656644368544,South West Water Limited,Excellent
Great Yarmouth North,52.6322585809523,1.74269873146586,Anglian Water Services Limited,Excellent
Great Yarmouth Pier,52.6052855908066,1.73949475736344,Anglian Water Services Limited,Excellent
Great Yarmouth South,52.5963149719545,1.73872991605364,Anglian Water Services Limited,Excellent
Gurnard,50.7607492247221,-1.32508413493592,Southern Water Services Limited,Good
Gwithian Towans,50.2279961593516,-5.39189088555596,South West Water Limited,Excellent
Gwynver,50.0893106134689,-5.68887099641775,South West Water Limited,Excellent
Gyllyngvase,50.1446385955148,-5.06736772446128,South West Water Limited,Excellent
Hampstead Heath (Ladies Pond),51.5667313295976,-0.160132015758681,Thames Water Utilities Limited,Good
Hampstead Heath (Mens Pond),51.5633496709908,-0.156661551621384,Thames Water Utilities Limited,Excellent
Hampstead Heath (Mixed Pond),51.5607128839653,-0.166289996763097,Thames Water Utilities Limited,Good
Harlyn Bay,50.5402949099934,-4.99727977974794,South West Water Limited,Excellent
Hartland Quay,50.9955446624716,-4.53367543882316,South West Water Limited,Excellent
Hastings Pelham Beach,50.8535481295427,0.585766467133833,Southern Water Services Limited,Good
Haverigg,54.1890700507472,-3.28882375455891,United Utilities Water Limited,Good
Hayle Towans,50.2047682940131,-5.41701497977548,South West Water Limited,Excellent
Heacham,52.9092042364551,0.47149809252374,Anglian Water Services Limited,Poor
Hemsby,52.6952681733587,1.71007376962362,Anglian Water Services Limited,Excellent
Henleaze Lake,51.4946241931076,-2.60570469108093,Wessex Water Services Limited,Good
Herne Bay,51.3743637332956,1.13950355047236,Southern Water Services Limited,Excellent
Herne Bay Central,51.3720466073964,1.11850745016388,Southern Water Services Limited,Good
Highcliffe,50.7369968975496,-1.69848882701321,Southern Water Services Limited,Excellent
Hillhead,50.8134568815832,-1.22539192112877,Southern Water Services Limited,Good
Hive,50.6962649935347,-2.72323664973336,Wessex Water Services Limited,Excellent
Holland,51.8132012147031,1.22579854706484,Anglian Water Services Limited,Excellent
Hollicombe,50.4488175353543,-3.55351938394781,South West Water Limited,Good
Holywell Bay,50.3919113546784,-5.1455057863139,South West Water Limited,Excellent
Hope Cove,50.2426503738911,-3.85911026105057,South West Water Limited,Excellent
Hornsea,53.9140984449623,-0.160491171265782,Yorkshire Water Services Limited,Good
Hove,50.8232281803046,-0.16672315444046,Southern Water Services Limited,Excellent
Humberston Fitties,53.5351901275229,0.008380462066923,Anglian Water Services Limited,Good
Hunstanton (Old Hunstanton),52.953642084641,0.496364280806723,Anglian Water Services Limited,Good
Hunstanton Main Beach,52.936821736507,0.483787390916709,Anglian Water Services Limited,Sufficient
Hythe,51.0646916927223,1.08137696303459,Southern Water Services Limited,Excellent
Ilfracombe Hele,51.2108656669018,-4.0972915813212,South West Water Limited,Good
Ilfracombe Tunnels Beach,51.210459434379,-4.12725441460376,South West Water Limited,Excellent
Ilfracombe Wildersmouth,51.2105276899336,-4.12151613905344,South West Water Limited,#N/A
Ingoldmells South,53.19393,0.35387,Anglian Water Services Limited,Excellent
Instow,51.0529219112311,-4.18192398262648,South West Water Limited,#N/A
Jaywick,51.772629737974,1.1127180240145,Anglian Water Services Limited,Good
"Joss Bay, Broadstairs",51.3792230675941,1.44610563272459,Southern Water Services Limited,Excellent
Kennack Sands,50.0051345550698,-5.16357592477975,South West Water Limited,Excellent
Kimmeridge Bay,50.6114938804878,-2.13142387605586,Wessex Water Services Limited,Excellent
Kingsand,50.3336128930897,-4.19937582310552,South West Water Limited,Excellent
Ladram Bay,50.6586051443979,-3.27955125815206,South West Water Limited,Good
"Lancing, Beach Green",50.8198803418111,-0.321958811608509,Southern Water Services Limited,Good
Lee-on-Solent,50.8009768984075,-1.20428418783655,Southern Water Services Limited,Excellent
Leigh Bell Wharf,51.5390298429933,0.652527405156226,Anglian Water Services Limited,Good
Lepe,50.784296871071,-1.35453444846381,Southern Water Services Limited,Excellent
Leysdown,51.4001551077808,0.921786154741231,Southern Water Services Limited,Excellent
Littlehampton,50.8022939014127,-0.538868986381269,Southern Water Services Limited,Good
Littlestone,50.976799654129,0.96726860468507,Southern Water Services Limited,Good
Long Rock,50.1263574538717,-5.51805830864849,South West Water Limited,Good
Low Newton,55.5132163987303,-1.61551676459494,Northumbrian Water Limited,Excellent
Lowestoft (North of Claremont Pier),52.4683066878659,1.74874459923372,Anglian Water Services Limited,Excellent
Lowestoft (South of Claremont Pier),52.4638869856628,1.74515820945775,Anglian Water Services Limited,Good
Lulworth Cove,50.6189357765588,-2.24934733320746,Wessex Water Services Limited,Excellent
Lusty Glaze,50.4217696277222,-5.06497385525916,South West Water Limited,Excellent
Lyme Regis Church Cliff Beach,50.7250478024008,-2.9303269563221,South West Water Limited,#N/A
Lyme Regis Front Beach,50.7225059921167,-2.93778501225405,South West Water Limited,Good
Lynmouth,51.2316903847566,-3.82448058712367,South West Water Limited,Excellent
Mablethorpe Town,53.3441337592485,0.264365936524175,Anglian Water Services Limited,Excellent
Maenporth,50.1249624436234,-5.09353481382533,South West Water Limited,Good
Maidencombe,50.5064562259524,-3.51338465782657,South West Water Limited,Excellent
Marazion,50.1265050340743,-5.480736172252,South West Water Limited,Good
Margate Fulsam Rock,51.3926832590616,1.38649991630989,Southern Water Services Limited,Excellent
Margate The Bay,51.3877045480062,1.37575225993371,Southern Water Services Limited,Excellent
Marsden,54.978017896067,-1.3765981797728,Northumbrian Water Limited,Sufficient
Marske Sands,54.5999919286241,-1.01707668794072,Northumbrian Water Limited,Good
Mawgan Porth,50.4674853014895,-5.03340112417438,South West Water Limited,Excellent
Meadfoot,50.457100334341,-3.50920608022892,South West Water Limited,Excellent
Meols,53.4065842825349,-3.15974278713184,United Utilities Water Limited,Excellent
Mexico Towans,50.2010542679701,-5.42374749148339,South West Water Limited,Excellent
Middleton-on-sea,50.7902,-0.6039,Southern Water Services Limited,Excellent
Milford-on-sea,50.725,-1.6106,Southern Water Services Limited,Excellent
Mill Bay,50.2300039657805,-3.76694720248013,South West Water Limited,Excellent
Millendreath,50.3610883752151,-4.43630361658836,South West Water Limited,Good
Minehead Terminus,51.207581440661,-3.46705613745907,Wessex Water Services Limited,Good
"Minnis Bay, Birchington",51.3803038326327,1.28364552660244,Southern Water Services Limited,Excellent
Minster Leas,51.4329444250857,0.805284292770524,Southern Water Services Limited,Excellent
Moggs Eye,53.273002875866,0.318438394444607,Anglian Water Services Limited,Excellent
Morecambe North,54.0774517391814,-2.86074604518309,United Utilities Water Limited,Good
Morecambe South,54.0728262826181,-2.87646762415598,United Utilities Water Limited,Good
Moreton,53.417756050842,-3.11942028040805,United Utilities Water Limited,Excellent
Mothecombe,50.3095964397627,-3.9527590608114,South West Water Limited,Good
Mother Ivey`s Bay,50.5441430460904,-5.01545210516686,South West Water Limited,Excellent
Mundesley,52.8769429465284,1.44174118339281,Anglian Water Services Limited,Excellent
Ness Cove,50.5361159346401,-3.4981762447304,South West Water Limited,Excellent
Newbiggin North,55.1844121199812,-1.51032560822061,Northumbrian Water Limited,Excellent
Newbiggin South,55.1788586358132,-1.51479031216353,Northumbrian Water Limited,Good
Norman`s Bay,50.8228241604064,0.386655849632203,Southern Water Services Limited,Good
Northcott Mouth,50.8479754597421,-4.55691218098033,South West Water Limited,Excellent
Oddicombe,50.4824686796969,-3.51488751237418,South West Water Limited,Excellent
Pagham,50.7675502319918,-0.736497732795299,Southern Water Services Limited,Excellent
Paignton Paignton Sands,50.4350758512284,-3.55884281266126,South West Water Limited,Good
Paignton Preston Sands,50.4444648040581,-3.55619366506286,South West Water Limited,Excellent
Par Sands,50.3469722189893,-4.69282422743833,South West Water Limited,Sufficient
Pendower,50.2056700645544,-4.94779756978228,South West Water Limited,Good
Pentewan,50.2875583923612,-4.78255130253817,South West Water Limited,Excellent
Penzance,50.1146703148637,-5.53552896653342,South West Water Limited,Good
Perranporth,50.349372204644,-5.1550635763185,South West Water Limited,Excellent
Perranporth Penhale Sands,50.3593678651711,-5.1513676068956,South West Water Limited,Excellent
Perranuthnoe,50.1122525406346,-5.44245580831161,South West Water Limited,Excellent
Pevensey Bay,50.8099898313679,0.35032872068549,Southern Water Services Limited,Good
Plymouth Hoe East,50.36393709632,-4.14087672941162,South West Water Limited,Good
Plymouth Hoe West,50.3640313505814,-4.14552119217669,South West Water Limited,Excellent
Poldhu Cove,50.0335544983364,-5.26125534124518,South West Water Limited,Excellent
Polkerris,50.3378794985352,-4.68148770272917,South West Water Limited,Good
Polstreath,50.2743864942043,-4.78416897141297,South West Water Limited,Excellent
Polurrian Cove,50.0233499057156,-5.25623485684049,South West Water Limited,Excellent
Polzeath,50.5748227877177,-4.91641319696109,South West Water Limited,Excellent
Poole Branksome Chine,50.7059129455387,-1.9099627041663,Wessex Water Services Limited,Excellent
Poole Canford Cliffs Chine,50.7004710167838,-1.92052213571419,Wessex Water Services Limited,Excellent
Poole Harbour Lake,50.7138492148326,-2.02526943121092,Wessex Water Services Limited,Excellent
Poole Harbour Rockley Sands,50.719330531449,-2.04014616943396,Wessex Water Services Limited,Good
Poole Sandbanks Peninsular,50.6887007951396,-1.93738788221216,Wessex Water Services Limited,Excellent
Poole Shore Road Beach,50.6946674055625,-1.92938068365715,Wessex Water Services Limited,Excellent
Porlock Weir,51.2190192938815,-3.6262649577776,Wessex Water Services Limited,Excellent
Porth,50.4246784173834,-5.05699471231187,South West Water Limited,Good
Porthallow,50.0685773406125,-5.07928041433367,South West Water Limited,Excellent
Porthcothan,50.5090318571474,-5.02351046811618,South West Water Limited,Excellent
Porthcurnick,50.1861488307772,-4.97251413001177,South West Water Limited,Good
Porthcurno,50.0429147873402,-5.65039285876609,South West Water Limited,Excellent
Porthgwidden,50.2172111971261,-5.47665213877545,South West Water Limited,Excellent
Porthkidney Sands,50.1941216239555,-5.43937723793687,South West Water Limited,Good
Porthleven Sands,50.0810654983874,-5.31481129754882,South West Water Limited,Good
Porthluney,50.2367931235688,-4.84326651369793,South West Water Limited,Sufficient
Porthmeor,50.2153000175372,-5.48338305416661,South West Water Limited,Excellent
Porthminster,50.2086747709166,-5.47631146879273,South West Water Limited,Excellent
Porthoustock,50.0555729641758,-5.06419511534881,South West Water Limited,Excellent
Porthpean,50.323582322786,-4.76568765910925,South West Water Limited,Excellent
Porthtowan,50.2875216194933,-5.24241622838034,South West Water Limited,Excellent
Portland Harbour Castle Cove,50.5963254620929,-2.45970117413061,Wessex Water Services Limited,Excellent
Portland Harbour Sandsfoot Castle,50.5942507564001,-2.46356615137405,Wessex Water Services Limited,Good
Portmellon,50.2618500765446,-4.78554234471881,South West Water Limited,Excellent
Portreath,50.2612329369265,-5.29363312652798,South West Water Limited,Excellent
Portwrinkle,50.3614649870999,-4.30766544034371,South West Water Limited,Good
Praa Sands East,50.0992826747151,-5.37872709464994,South West Water Limited,Excellent
Praa Sands West,50.1032457805843,-5.39089540088006,South West Water Limited,Excellent
Putsborough,51.1458097096823,-4.22090410376103,South West Water Limited,Excellent
Ramsgate Sands,51.3322345348873,1.4248732839031,Southern Water Services Limited,Good
Ramsgate Western Undercliffe,51.32660788452,1.40623423433956,Southern Water Services Limited,Good
Readymoney Cove,50.3295366717995,-4.6451849978973,South West Water Limited,Excellent
Redcar Coatham,54.6220674831445,-1.08159305534821,Northumbrian Water Limited,Excellent
Redcar Granville,54.6173480911732,-1.0522761465974,Northumbrian Water Limited,Good
Redcar Lifeboat Station,54.620056404635,-1.06076199971504,Northumbrian Water Limited,Good
Redcar Stray,54.6055201971506,-1.03397313354301,Northumbrian Water Limited,Excellent
Reighton,54.1691179111152,-0.249814208841969,Yorkshire Water Services Limited,Excellent
Ringstead Bay,50.6310556486312,-2.35136765080147,Wessex Water Services Limited,Excellent
Robin Hoods Bay,54.430153753772,-0.531866861240204,Yorkshire Water Services Limited,Good
Rock,50.5450705751418,-4.92629281273976,South West Water Limited,#N/A
Roker - Sunderland,54.9257464776574,-1.3649232933657,Northumbrian Water Limited,Excellent
Runswick Bay,54.5318083319323,-0.748706909633789,Yorkshire Water Services Limited,Excellent
Ryde,50.7308267143663,-1.14981599769512,Southern Water Services Limited,Excellent
Salcombe North Sands,50.2301559496311,-3.78055344549862,South West Water Limited,Excellent
Salcombe South Sands,50.2260571096317,-3.78390577803484,South West Water Limited,Excellent
Saltburn,54.5867919627395,-0.969779715531797,Northumbrian Water Limited,Excellent
Saltdean,50.7993243694268,-0.0417118106859044,Southern Water Services Limited,Excellent
Sandgate,51.07081526473,1.12175922624862,Southern Water Services Limited,Excellent
Sandown,50.6549685196269,-1.150633918919,Southern Water Services Limited,Excellent
Sandsend,54.5013791247077,-0.66735843912176,Yorkshire Water Services Limited,Good
Sandwich Bay,51.2826015238971,1.37962358666148,Southern Water Services Limited,Excellent
Sandy Bay,50.6098814242925,-3.36801763242127,South West Water Limited,Good
Sandymouth,50.8609376590203,-4.55677993814878,South West Water Limited,Excellent
Saunton Sands,51.1165533083077,-4.22235814569862,South West Water Limited,Excellent
Scarborough North Bay,54.2933647936044,-0.407208402772809,Yorkshire Water Services Limited,Excellent
Scarborough South Bay,54.2820335613278,-0.39523378210726,Yorkshire Water Services Limited,Sufficient
Sea Palling,52.7906397541907,1.60390398189731,Anglian Water Services Limited,Excellent
Seaburn - Sunderland,54.9375258890573,-1.36629859711629,Northumbrian Water Limited,Excellent
Seaford,50.7713170807392,0.0949765065444564,Southern Water Services Limited,Excellent
Seagrove,50.7163240595647,-1.10687537897105,Southern Water Services Limited,Excellent
Seaham Beach,54.8475106600731,-1.33811969262655,Northumbrian Water Limited,Excellent
Seaham Hall Beach,54.8504496557177,-1.34149803443412,Northumbrian Water Limited,Good
Seahouses North,55.5901915983294,-1.66680589716163,Northumbrian Water Limited,Excellent
Seascale,54.3952825742987,-3.48935798634343,United Utilities Water Limited,Good
Seaton (Cornwall),50.3643721667834,-4.38641162405235,South West Water Limited,Excellent
Seaton (Devon),50.7033764462276,-3.07051758079577,South West Water Limited,Excellent
Seaton Carew Centre,54.6599127717455,-1.18072760536662,Northumbrian Water Limited,Excellent
Seaton Carew North,54.6646667372081,-1.18604276684644,Northumbrian Water Limited,Good
Seaton Carew North Gare,54.6496298348782,-1.16466146681862,Northumbrian Water Limited,Excellent
Seaton Sluice,55.0872297531564,-1.47830016992466,Northumbrian Water Limited,Excellent
Seatown,50.7221101381266,-2.82482642610957,Wessex Water Services Limited,Excellent
Selsey,50.7363102526785,-0.770329030240902,Southern Water Services Limited,Excellent
Sennen,50.0787565561387,-5.69757684991096,South West Water Limited,Excellent
Shaldon,50.5398391331368,-3.50237277395838,South West Water Limited,Excellent
Shanklin,50.6270095566999,-1.17317872002862,Southern Water Services Limited,Excellent
Sharrow,50.3476,-4.2596,South West Water Limited,Excellent
Sheerness,51.4432594353138,0.760205649449072,Southern Water Services Limited,Excellent
Shell Bay North,50.6784546277685,-1.94880889880762,Wessex Water Services Limited,Excellent
Sheringham,52.9459370506713,1.20848053319422,Anglian Water Services Limited,Excellent
Shoebury East,51.5317329719537,0.803799899937665,Anglian Water Services Limited,Excellent
Shoeburyness,51.5229949803703,0.774140048920002,Anglian Water Services Limited,Excellent
Shoreham Beach,50.8265866683731,-0.2713284100911,Southern Water Services Limited,Excellent
Shorthorn Beach,50.3376351846938,-4.72293484370012,South West Water Limited,Excellent
Sidmouth Jacobs Ladder,50.6752708713685,-3.24791989088234,South West Water Limited,Excellent
Sidmouth Town,50.6761962719193,-3.24302255326324,South West Water Limited,Excellent
Silecroft,54.218947055813,-3.35110251563719,United Utilities Water Limited,Excellent
Silloth,54.8653453662774,-3.40914236147312,United Utilities Water Limited,#N/A
Skegness,53.1441464100115,0.349547789114293,Anglian Water Services Limited,Excellent
Skipsea,53.9619402767489,-0.190183487177237,Yorkshire Water Services Limited,Good
Slapton Sands Monument,50.2859383650832,-3.64506666217138,South West Water Limited,Excellent
Slapton Sands Torcross,50.2662314933333,-3.65210482762187,South West Water Limited,Excellent
South Shields,54.9997471932089,-1.4090895613675,Northumbrian Water Limited,Excellent
Southend Chalkwell,51.5373978362018,0.67291096820191,Anglian Water Services Limited,Good
Southend Jubilee,51.5277856278895,0.72324513291852,Anglian Water Services Limited,Good
Southend Thorpe Bay,51.5288756695968,0.753590049532803,Anglian Water Services Limited,Excellent
Southend Three Shells,51.5329923298627,0.712019813260905,Anglian Water Services Limited,Excellent
Southend Westcliff Bay,51.5353687855912,0.686924507608679,Anglian Water Services Limited,Excellent
Southport,53.6531912376922,-3.02730139881767,United Utilities Water Limited,Good
Southsea East,50.7786645150506,-1.07943783420055,Southern Water Services Limited,Good
Southwick,50.8287511053224,-0.235618077916229,Southern Water Services Limited,Excellent
Southwold The Denes,52.3193619673795,1.67861883167939,Anglian Water Services Limited,Good
Southwold The Pier,52.3307965572847,1.68690961295553,Anglian Water Services Limited,Excellent
Spittal,55.7568683458198,-1.9888393795735,Northumbrian Water Limited,Excellent
St Annes,53.7491,-3.0404,United Utilities Water Limited,Good
St Annes North,53.759717295224,-3.05087821759494,United Utilities Water Limited,Sufficient
St Bees,54.4899256268899,-3.60858868965697,United Utilities Water Limited,Excellent
St Helens,50.6986076666254,-1.09864525630914,Southern Water Services Limited,Excellent
St Leonards,50.8499165351249,0.551426690368772,Southern Water Services Limited,Excellent
St Margaret`s Bay,51.1506270756334,1.38569756652105,Southern Water Services Limited,Excellent
St Mary's Bay (Devon),50.3852581354791,-3.50361446794103,South West Water Limited,Excellent
St Mary's Bay (Kent),51.0105977658964,0.982258544095358,Southern Water Services Limited,Sufficient
"St Mildred's Bay, Westgate",51.3848922879526,1.34272601331783,Southern Water Services Limited,Excellent
Staithes,54.558632956451,-0.789035905603602,Yorkshire Water Services Limited,#N/A
Stokes Bay,50.7775935012207,-1.15038699711023,Southern Water Services Limited,Excellent
Studland Knoll House,50.6520985551084,-1.95285461153164,Wessex Water Services Limited,Excellent
Summerleaze,50.8311807246575,-4.55202825641337,South West Water Limited,Excellent
Sutton-on-Sea,53.3145880700532,0.283819713023732,Anglian Water Services Limited,Excellent
Swanage Central,50.6134402645265,-1.95752882593927,Wessex Water Services Limited,Excellent
Swanpool,50.1406373490229,-5.07579001240729,South West Water Limited,Excellent
Tankerton,51.3654432940843,1.04578516539971,Southern Water Services Limited,Excellent
Teignmouth Holcombe,50.5619041154044,-3.47463850962763,South West Water Limited,Excellent
Teignmouth Town,50.5453859284211,-3.49345952739525,South West Water Limited,Excellent
The Serpentine - Hyde Park,51.5049137923283,-0.169107214526447,Thames Water Utilities Limited,Sufficient
Thurlestone North,50.2639597894144,-3.8617921920091,South West Water Limited,Excellent
Thurlestone South,50.2604204594602,-3.8581465942212,South West Water Limited,Excellent
Tolcarne,50.4176780168458,-5.07343859800726,South West Water Limited,Excellent
Torre Abbey,50.4624599354331,-3.53598815062672,South West Water Limited,Excellent
Totland Bay,50.6808370676852,-1.54568856715085,Southern Water Services Limited,Excellent
Towan,50.4182930793456,-5.08417872138159,South West Water Limited,Excellent
Trebarwith Strand,50.6449814824378,-4.76160973193857,South West Water Limited,Good
Tregonhawke,50.3408694024974,-4.24284841768198,South West Water Limited,Excellent
Trevaunance Cove,50.3204028346129,-5.2011963562627,South West Water Limited,Excellent
Trevone Bay,50.5457518185687,-4.97743858812327,South West Water Limited,Excellent
Treyarnon Bay,50.5261459739228,-5.02262948465841,South West Water Limited,Excellent
Tynemouth Cullercoats,55.0347813635908,-1.43102643087106,Northumbrian Water Limited,Poor
Tynemouth King Edwards Bay,55.0193221136079,-1.41899913650401,Northumbrian Water Limited,Excellent
Tynemouth Long Sands North,55.0304210257448,-1.4286789481503,Northumbrian Water Limited,Excellent
Tynemouth Long Sands South,55.024078226215,-1.42327882219309,Northumbrian Water Limited,Excellent
Upton Towans,50.2151901369931,-5.4028607650972,South West Water Limited,Excellent
Vault Beach,50.2349042272139,-4.78761701530411,South West Water Limited,Excellent
Ventnor,50.5931272563416,-1.2099676835851,Southern Water Services Limited,Excellent
Wallasey,53.4335785280341,-3.07728292148699,United Utilities Water Limited,Good
Walney Biggar Bank,54.0950168013411,-3.25838129442648,United Utilities Water Limited,Excellent
Walney Sandy Gap,54.1021569927356,-3.26318566673305,United Utilities Water Limited,Excellent
Walney West Shore,54.120782261168,-3.2716311703482,United Utilities Water Limited,Excellent
"Walpole Bay, Margate",51.3922553681592,1.39909205384006,Southern Water Services Limited,Excellent
Walton,51.8470573070425,1.27323924082661,Anglian Water Services Limited,Good
Warkworth,55.3512136840278,-1.59280027513502,Northumbrian Water Limited,Excellent
Watergate Bay,50.4437670324647,-5.04258913278166,South West Water Limited,Excellent
Wells,52.973582594339,0.849053394593845,Anglian Water Services Limited,Sufficient
Wembury,50.3179995357829,-4.08514969835292,South West Water Limited,Excellent
West Bay (West),50.7109881993129,-2.76654773414885,Wessex Water Services Limited,Excellent
"West Bay, Westgate",51.3832025571345,1.33226728524173,Southern Water Services Limited,Excellent
"West Beach, Whitstable",51.3543349703393,1.01172153066364,Southern Water Services Limited,Good
West Kirby,53.3704789298207,-3.19316576553089,United Utilities Water Limited,Excellent
West Mersea,51.7703990868537,0.930194910705001,Anglian Water Services Limited,Good
West Runton,52.9416822075366,1.25276663199985,Anglian Water Services Limited,Excellent
West Wittering,50.776514594016,-0.912129642146413,Southern Water Services Limited,Excellent
"Westbrook Bay, Margate",51.3861428860402,1.36313023717547,Southern Water Services Limited,Excellent
Weston Main,51.3412612902028,-2.98338221074795,Wessex Water Services Limited,Poor
Weston-super-Mare Sand Bay,51.3644875606138,-2.96609706624921,Wessex Water Services Limited,Sufficient
Weston-super-Mare Uphill Slipway,51.3247204685577,-2.99031890971833,Wessex Water Services Limited,Sufficient
Westward Ho!,51.0437749741397,-4.23616288248315,South West Water Limited,Excellent
Weymouth Central,50.6144663711725,-2.45224570274321,Wessex Water Services Limited,Excellent
Weymouth Lodmoor,50.6258900329473,-2.44217637595214,Wessex Water Services Limited,Excellent
"Wharfe at Cromwheel, Ilkley",53.9319,-1.8162,Yorkshire Water Services Limited,Poor
Wherry Town,50.1089269853027,-5.5448462256399,South West Water Limited,Good
Whitby,54.4916967106725,-0.624582898103651,Yorkshire Water Services Limited,Excellent
Whitecliff Bay,50.6719546786527,-1.09427330030781,Southern Water Services Limited,Excellent
Whitley Bay,55.0488919996071,-1.44514764351662,Northumbrian Water Limited,Excellent
Widemouth Sand,50.7931022337454,-4.55761549184591,South West Water Limited,Excellent
Wilsthorpe,54.0662199286341,-0.207488045320685,Yorkshire Water Services Limited,Good
Winchelsea,50.9064145037592,0.718105662124692,Southern Water Services Limited,Excellent
"Windermere, Fellfoot",54.274516938995,-2.95378173858218,United Utilities Water Limited,Excellent
"Windermere, Lakeside YMCA",54.3003949508162,-2.9614629622469,United Utilities Water Limited,Excellent
"Windermere, Millerground Landing",54.3807,-2.9225,United Utilities Water Limited,Excellent
"Windermere, Rayrigg Meadow",54.3781537315643,-2.92249644240972,United Utilities Water Limited,Excellent
Withernsea,53.7308197034631,0.0360078045744803,Yorkshire Water Services Limited,Good
Woolacombe Village,51.1716532720556,-4.20969992434162,South West Water Limited,Excellent
Worthing,50.8072781787131,-0.384860537691278,Southern Water Services Limited,Good
Yaverland,50.6618190039032,-1.13323510388486,Southern Water Services Limited,Excellent
